Subject ID,Trunk Angular Displacement,Trunk Rotation Angle,Trunk linear Distance,Elbow Flexion L,Elbow Flexion R,L Wrist Velocity,R Wrist Velocity,Hand Coordination %,Task,Group
BT036 Intervention Day 1_ ,0.005446401380413539,0.014297393452734104,0.034075247719338224,2.2635509545681733,2.5836303934180664,0.48248264090944015,1.8471709169799122,101.95170327982855,Task 1,Day1
BT037 Intervention Day 1_ ,0.007040789729157159,0.006549658054992591,0.0297091826755359,1.6002016432610047,2.9782418783784577,0.6410352490167179,0.04817645662115229,209.4585288328,Task 1,Day1
BT039 Intervention Day 1_ ,0.005801669329921338,0.038591901533492706,0.046068633240567036,1.4639753248814693,2.9624152400071426,6.139717397985642,4.002139797999803,294.8974295292767,Task 1,Day1
BT040 Intervention Day 1_ ,0.010092950652062747,0.14910262231540627,0.41360430609035687,1.3863257971535312,1.284842604451185,-0.18105732675522354,-0.21610328610108887,369.6754139407083,Task 1,Day1
BT041 Intervention Day 1_ ,0.006414052751958497,0.007176416554133463,0.028704798216976513,1.4338140556847678,2.9382694746481213,3.2329748875021798,-0.6626519722522439,204.6027197801143,Task 1,Day1
BT042 Intervention Day 1_ ,0.007679625261383564,0.006055644487074036,0.03909184566397953,2.2441072455521693,2.011299878303002,-3.376801119827256,-11.233711643082032,290.7905411796681,Task 1,Day1
BT043 Intervention Day 1_ ,0.007955674499311567,0.010704536765088559,0.03284301367020574,1.0504273867017941,2.3510945900994917,15.923579054928378,-5.5548219532179,220.72367256138313,Task 1,Day1
BT044 Intervention Day 1_ ,0.005849093088149376,0.0061709807035787954,0.028336354220830196,1.3600809758071206,1.7936071371935072,-1.797562506428494,-0.715959710296415,197.64746749021705,Task 1,Day1
BT045 Intervention Day 1_ ,0.005463380996664683,0.014142008040839574,0.02457269767626271,1.3395216520748137,2.510398478646617,2.838502011807852,-3.4457618785989124,104.6879940539563,Task 1,Day1
